{
  "Patient Read" : {
    "transaction" : "Patient Read",
    "sampleCount" : 200,
    "errorCount" : 0,
    "errorPct" : 0.0,
    "meanResTime" : 335.2400000000002,
    "medianResTime" : 274.0,
    "minResTime" : 121.0,
    "maxResTime" : 1389.0,
    "pct1ResTime" : 515.0,
    "pct2ResTime" : 668.1999999999996,
    "pct3ResTime" : 1077.0600000000027,
    "throughput" : 6.470188605997865,
    "receivedKBytesPerSec" : 142.03454069748634,
    "sentKBytesPerSec" : 1.0678338617320695
  },
  "Total" : {
    "transaction" : "Total",
    "sampleCount" : 200,
    "errorCount" : 0,
    "errorPct" : 0.0,
    "meanResTime" : 335.2400000000002,
    "medianResTime" : 274.0,
    "minResTime" : 121.0,
    "maxResTime" : 1389.0,
    "pct1ResTime" : 515.0,
    "pct2ResTime" : 668.1999999999996,
    "pct3ResTime" : 1077.0600000000027,
    "throughput" : 6.470188605997865,
    "receivedKBytesPerSec" : 142.03454069748634,
    "sentKBytesPerSec" : 1.0678338617320695
  }
}