{
  "Total" : {
    "transaction" : "Total",
    "sampleCount" : 1527,
    "errorCount" : 1527,
    "errorPct" : 100.0,
    "meanResTime" : 645.4106090373283,
    "medianResTime" : 538.0,
    "minResTime" : 0.0,
    "maxResTime" : 2497.0,
    "pct1ResTime" : 1627.4,
    "pct2ResTime" : 2096.0,
    "pct3ResTime" : 2312.3600000000006,
    "throughput" : 606.9157392686805,
    "receivedKBytesPerSec" : 1572.4177762321144,
    "sentKBytesPerSec" : 0.0
  },
  "patient_create" : {
    "transaction" : "patient_create",
    "sampleCount" : 1527,
    "errorCount" : 1527,
    "errorPct" : 100.0,
    "meanResTime" : 645.4106090373283,
    "medianResTime" : 538.0,
    "minResTime" : 0.0,
    "maxResTime" : 2497.0,
    "pct1ResTime" : 1627.4,
    "pct2ResTime" : 2096.0,
    "pct3ResTime" : 2312.3600000000006,
    "throughput" : 606.9157392686805,
    "receivedKBytesPerSec" : 1572.4177762321144,
    "sentKBytesPerSec" : 0.0
  }
}