{
  "Total" : {
    "transaction" : "Total",
    "sampleCount" : 50,
    "errorCount" : 2,
    "errorPct" : 4.0,
    "meanResTime" : 400.74,
    "medianResTime" : 406.0,
    "minResTime" : 200.0,
    "maxResTime" : 426.0,
    "pct1ResTime" : 418.0,
    "pct2ResTime" : 423.25,
    "pct3ResTime" : 426.0,
    "throughput" : 1.6864543982730709,
    "receivedKBytesPerSec" : 0.9772212712493255,
    "sentKBytesPerSec" : 0.5113053051639234
  },
  "Patient Create" : {
    "transaction" : "Patient Create",
    "sampleCount" : 50,
    "errorCount" : 2,
    "errorPct" : 4.0,
    "meanResTime" : 400.74,
    "medianResTime" : 406.0,
    "minResTime" : 200.0,
    "maxResTime" : 426.0,
    "pct1ResTime" : 418.0,
    "pct2ResTime" : 423.25,
    "pct3ResTime" : 426.0,
    "throughput" : 1.6864543982730709,
    "receivedKBytesPerSec" : 0.9772212712493255,
    "sentKBytesPerSec" : 0.5113053051639234
  }
}